lnr;y;x;active;name;type;description;heatdata;ah_runtime;agent;heat
1;1;1;1;START;<START>;;::;;n/a;
2;2;1;0;JOB_1988D#UNIX;<XTRNL>;Anonymized Title 1;00:23:31;1411;n/a;19
3;3;1;0;JOB_0115D#UNIX;<XTRNL>;Anonymized Title 2;00:05:08;308;n/a;4
4;3;2;0;JOB_0116D#UNIX;<XTRNL>;Anonymized Title 3;00:05:25;325;n/a;4
5;3;3;0;JOB_0117D#UNIX;<XTRNL>;Anonymized Title 4;00:05:17;317;n/a;4
6;4;1;0;JOB_0118D#UNIX;<XTRNL>;Anonymized Title 5;00:05:15;315;n/a;4
7;4;2;0;JOB_0119D#UNIX;<XTRNL>;Anonymized Title 6;00:05:15;315;n/a;4
8;4;3;0;JOB_0120D#UNIX;<XTRNL>;Anonymized Title 7;00:05:12;312;n/a;4
9;5;1;0;JOB_0143D#UNIX;<XTRNL>;Anonymized Title 8;00:05:33;333;n/a;5
10;5;2;0;JOB_0149D#UNIX;<XTRNL>;Anonymized Title 9;00:12:12;732;n/a;10
11;6;1;0;JOB_1201D#UNIX;<XTRNL>;Anonymized Title 10;00:02:06;126;n/a;2
12;6;2;0;JOB_1202D#UNIX;<XTRNL>;Anonymized Title 11;00:02:53;173;n/a;2
13;6;3;0;JOB_1203D#UNIX;<XTRNL>;Anonymized Title 12;00:00:55;55;n/a;1
14;7;1;0;JOB_1204D#UNIX;<XTRNL>;Anonymized Title 13;00:00:27;27;n/a;0
15;7;2;0;JOB_1205D#UNIX;<XTRNL>;Anonymized Title 14;00:01:19;79;n/a;1
16;7;3;0;JOB_1206D#UNIX;<XTRNL>;Anonymized Title 15;00:01:47;107;n/a;1
17;8;1;0;JOB_2101D#UNIX;<XTRNL>;;::;;n/a;
18;8;2;0;JOB_2102D#UNIX;<XTRNL>;;::;;n/a;
19;8;3;0;JOB_2103D#UNIX;<XTRNL>;;::;;n/a;
20;8;4;0;JOB_2104D#UNIX;<XTRNL>;;::;;n/a;
21;8;5;0;JOB_2105D#UNIX;<XTRNL>;;::;;n/a;
22;9;1;0;JOB_2106D#UNIX;<XTRNL>;;::;;n/a;
23;9;2;0;JOB_2110D#UNIX;<XTRNL>;;::;;n/a;
24;9;3;0;JOB_2111D#UNIX;<XTRNL>;;::;;n/a;
25;9;4;0;JOB_2112D#UNIX;<XTRNL>;;::;;n/a;
26;9;5;0;JOB_2113D#UNIX;<XTRNL>;;::;;n/a;
27;10;1;0;JOB_2114D#UNIX;<XTRNL>;;::;;n/a;
28;10;2;0;JOB_2115D#UNIX;<XTRNL>;;::;;n/a;
29;10;3;0;JOB_2116D#UNIX;<XTRNL>;;::;;n/a;
30;10;4;0;JOB_2117D#UNIX;<XTRNL>;;::;;n/a;
31;10;5;0;JOB_2118D#UNIX;<XTRNL>;;::;;n/a;
32;11;1;0;JOB_2401D#UNIX;<XTRNL>;;::;;n/a;
33;12;1;0;JOBP_0101D#STAND;<XTRNL>;Anonymized Title 16;15:04:41;54281;n/a;747
34;1;2;1;SCRI_INACT#SC;SCRI;Anonymized Title 17;00:00:10;10;n/a;0
35;13;12;0;USELESSDEPENDENCYCATCHER;JOBS;;::;;;
36;1;6;1;JOB_500A#WIN;JOBS;Anonymized Title 18;00:00:00;0;WIN01;0
37;1;7;1;JOB_501A#WIN;JOBS;Anonymized Title 19;00:01:07;67;WIN01;1
38;2;7;1;JOB_502A#WIN;JOBS;Anonymized Title 20;00:11:42;702;WIN01;10
39;3;7;1;JOB_503A#WIN;JOBS;Anonymized Title 21;00:02:15;135;WIN01;2
40;4;7;1;JOB_504A#WIN;JOBS;Anonymized Title 22;00:03:33;213;WIN01;3
41;5;7;1;JOB_505A#WIN;JOBS;Anonymized Title 23;00:12:55;775;WIN01;11
42;6;7;1;JOB_506A#WIN;JOBS;Anonymized Title 24;00:11:47;707;WIN01;10
43;1;8;1;JOB_507A#WIN;JOBS;Anonymized Title 25;00:00:21;21;WIN01;0
44;1;9;1;JOB_518A#WIN;JOBS;Anonymized Title 26;00:00:15;15;WIN01;0
45;2;9;1;JOB_519A#WIN;JOBS;Anonymized Title 27;00:00:59;59;WIN01;1
46;3;9;1;JOB_508A#WIN;JOBS;Anonymized Title 28;00:10:16;616;WIN01;8
47;1;10;1;JOB_525A#WIN;JOBS;Anonymized Title 29;00:00:03;3;WIN01;0
48;1;11;1;JOB_509A#WIN;JOBS;Anonymized Title 30;00:10:15;615;WIN01;8
49;2;11;1;JOB_510A#WIN;JOBS;Anonymized Title 31;00:10:16;616;WIN01;8
50;3;11;1;JOB_511A#WIN;JOBS;Anonymized Title 32;00:18:28;1108;WIN01;15
51;4;11;1;JOB_520A#WIN;JOBS;Anonymized Title 33;00:00:51;51;WIN01;1
52;1;12;1;JOB_512A#WIN;JOBS;Anonymized Title 34;00:00:05;5;WIN01;0
53;1;13;1;JOB_513A#WIN;JOBS;Anonymized Title 35;00:10:22;622;WIN01;9
54;2;13;1;JOB_514A#WIN;JOBS;Anonymized Title 36;00:08:12;492;WIN01;7
55;3;13;1;JOB_515A#WIN;JOBS;Anonymized Title 37;00:09:20;560;WIN01;8
56;4;13;1;JOB_516A#WIN;JOBS;Anonymized Title 38;00:15:34;934;WIN01;13
57;5;13;1;JOB_521A#WIN;JOBS;Anonymized Title 39;02:01:06;7266;WIN01;100
58;6;13;1;JOB_522A#WIN;JOBS;Anonymized Title 40;00:12:02;722;WIN01;10
59;7;13;1;JOB_523A#WIN;JOBS;Anonymized Title 41;00:12:05;725;WIN01;10
60;1;14;1;JOB_517A#WIN;JOBS;Anonymized Title 42;00:41:58;2518;WIN01;35
61;1;15;1;JOB_524A#WIN;JOBS;Anonymized Title 43;00:00:27;27;WIN01;0
62;1;16;1;END;<END>;;::;;n/a;
