lnr;name;type;y;x;active;description;ert;agent;data;heat2
1;START;<START>;1;1;1;;;n/a;;
2;JOB.UNIX_01#XTRNL;<XTRNL>;2;1;1;Data Input Job 1;;n/a;;
3;JOB.UNIX_02#XTRNL;<XTRNL>;2;2;1;Data Input Job 2;;n/a;;
4;JOB.UNIX_03#XTRNL;<XTRNL>;3;1;1;Data Input Job 3;;n/a;;
5;JOB.UNIX_04#XTRNL;<XTRNL>;3;2;1;Data Input Job 4;;n/a;;
6;JOB.UNIX_05#XTRNL;<XTRNL>;4;1;1;Data Input Job 5;;n/a;;
7;JOB.UNIX_06#XTRNL;<XTRNL>;4;2;1;Data Input Job 6;;n/a;;
8;JOB.UNIX_07#XTRNL;<XTRNL>;5;1;1;Data Input Job 7;;n/a;;
9;JOB.UNIX_08#XTRNL;<XTRNL>;5;2;1;Data Input Job 8;;n/a;;
10;JOB.UNIX_09#XTRNL;<XTRNL>;6;1;1;Data Input Job 9;;n/a;;
11;JOB.UNIX_10#XTRNL;<XTRNL>;6;2;1;Data Input Job 10;;n/a;;
12;JOB.UNIX_11#XTRNL;<XTRNL>;7;1;1;Data Input Job 11;;n/a;;
13;JOB.UNIX_12#XTRNL;<XTRNL>;7;2;1;Data Input Job 12;;n/a;;
14;JOB.UNIX_13#XTRNL;<XTRNL>;8;1;1;Data Input Job 13;;n/a;;
15;JOB.UNIX_14#XTRNL;<XTRNL>;8;2;1;Data Input Job 14;;n/a;;
16;JOB.UNIX_15#XTRNL;<XTRNL>;9;1;1;Data Input Job 15;;n/a;;
17;JOB.UNIX_16#XTRNL;<XTRNL>;9;2;1;Data Input Job 16;;n/a;;
18;JOB.UNIX_17#XTRNL;<XTRNL>;10;1;1;Data Input Job 17;;n/a;;
19;JOB.UNIX_18#XTRNL;<XTRNL>;10;2;1;Data Input Job 18;;n/a;;
20;JOB.UNIX_19#XTRNL;<XTRNL>;11;1;1;Data Input Job 19;;n/a;;
21;JOB.UNIX_01#DEMO;JOBS;1;3;1;ETL Process LoadCtlData01;14;UNIX01;ERT: 00:00:14;0
22;JOB.UNIX_02#DEMO;JOBS;1;4;1;ETL Process LoadCtlData02;12;UNIX01;ERT: 00:00:12;0
23;JOB.UNIX_04#DEMO;JOBS;1;5;0;ETL Process LoadCtlData03;21;UNIX01;ERT: 00:00:21;1
24;JOB.UNIX_05#DEMO;JOBS;2;5;0;ETL Process LoadCtlData04;43;UNIX01;ERT: 00:00:43;2
25;JOB.UNIX_03#DEMO;JOBS;3;5;1;ETL Process LoadCtlData05;12;UNIX01;ERT: 00:00:12;0
26;JOB.UNIX_10#DEMO;JOBS;3;6;1;ETL Process LoadCtlData06;433;UNIX01;ERT: 00:07:13;22
27;JOB.UNIX_08#DEMO;JOBS;3;7;1;ETL Process LoadCtlData07;12;UNIX01;ERT: 00:00:12;0
28;JOB.UNIX_09#DEMO;JOBS;3;8;1;ETL Process LoadCtlData08;20;UNIX01;ERT: 00:00:20;1
29;JOB.UNIX_40#DEMO;JOBS;4;8;1;ETL Process LoadCtlData09;12;UNIX01;ERT: 00:00:12;0
30;JOB.UNIX_41#DEMO;JOBS;6;8;1;ETL Process LoadCtlData10;1478;UNIX01;ERT: 00:24:38;76
31;JOB.UNIX_38#DEMO;JOBS;7;8;1;ETL Process LoadCtlData11;13;UNIX01;ERT: 00:00:13;0
32;JOB.UNIX_39#DEMO;JOBS;8;8;1;ETL Process LoadCtlData12;12;UNIX01;ERT: 00:00:12;0
33;JOB.UNIX_36#DEMO;JOBS;3;9;1;ETL Process LoadCtlData13;1940;UNIX01;ERT: 00:32:20;99
34;JOB.UNIX_42#DEMO;JOBS;4;9;1;ETL Process LoadCtlData14;29;UNIX01;ERT: 00:00:29;1
35;JOB.UNIX_12#DEMO;JOBS;7;9;1;ETL Process LoadCtlData15;16;UNIX01;ERT: 00:00:16;0
36;JOB.UNIX_13#DEMO;JOBS;8;9;1;ETL Process LoadCtlData16;15;UNIX01;ERT: 00:00:15;0
37;JOB.UNIX_37#DEMO;JOBS;3;10;1;ETL Process LoadCtlData17;1060;UNIX01;ERT: 00:17:40;54
38;JOB.UNIX_43#DEMO;JOBS;5;10;1;ETL Process LoadCtlData18;24;UNIX01;ERT: 00:00:24;1
39;JOBF.BACKEND1;JOBF;7;10;1;Transfer CalcData to backend1;75;UNIX01=>UNIX02;ERT: 00:01:15;3
40;JOBF.BACKEND2;JOBF;8;10;1;Transfer CalcData to backend2;76;UNIX01=>UNIX02;ERT: 00:01:16;3
41;JOB.UNIX_11#DEMO;JOBS;3;11;1;ETL Process DataMerge01;313;UNIX01;ERT: 00:05:13;16
42;JOB.UNIX_44#DEMO;JOBS;5;11;1;ETL Process DataMerge02;17;UNIX01;ERT: 00:00:17;0
43;JOB.UNIX_20#DEMO;JOBS;3;12;1;ETL Process DataMerge03;13;UNIX01;ERT: 00:00:13;0
44;JOB.UNIX_21#DEMO;JOBS;3;13;1;ETL Process DataMerge04;12;UNIX01;ERT: 00:00:12;0
45;JOB.UNIX_28#DEMO;JOBS;4;13;1;ETL Process DataMerge05;12;UNIX01;ERT: 00:00:12;0
46;JOB.UNIX_22#DEMO;JOBS;3;14;1;ETL Process DataMerge06;11;UNIX01;ERT: 00:00:11;0
47;JOB.UNIX_29#DEMO;JOBS;4;14;1;ETL Process DataMerge07;10;UNIX01;ERT: 00:00:10;0
48;JOB.UNIX_23#DEMO;JOBS;3;15;1;ETL Process DataMerge08;11;UNIX01;ERT: 00:00:11;0
49;CALL#DEMO;CALL;4;15;1;Raise Information Event;10;n/a;ERT: 00:00:10;0
50;JOB.UNIX_24#DEMO;JOBS;3;16;1;ETL Process DataMerge10;10;UNIX01;ERT: 00:00:10;0
51;JOB.UNIX_31#DEMO;JOBS;4;16;1;ETL Process DataMerge11;10;UNIX01;ERT: 00:00:10;0
52;JOB.UNIX_25#DEMO;JOBS;3;17;1;ETL Process DataMerge12;12;UNIX01;ERT: 00:00:12;0
53;JOB.UNIX_32#DEMO;JOBS;4;17;1;ETL Process DataMerge13;12;UNIX01;ERT: 00:00:12;0
54;JOB.UNIX_26#DEMO;JOBS;3;18;1;ETL Process DataMerge14;16;UNIX01;ERT: 00:00:16;0
55;JOBP#DEMO;JOBP;4;18;1;Subworkflow for data analysis;18;n/a;ERT: 01:00:18;100
56;JOB.UNIX_45#DEMO;JOBS;3;19;1;ETL Process DataMerge16;160;UNIX01;ERT: 00:02:40;8
57;JOB.UNIX_46#DEMO;JOBS;4;19;1;ETL Process DataMerge17;15;UNIX01;ERT: 00:00:15;0
58;JOB.UNIX_27#DEMO;JOBS;3;20;1;ETL Process DataMerge18;34;UNIX01;ERT: 00:00:34;1
59;JOB.UNIX_34#DEMO;JOBS;4;20;1;ETL Process DataMerge19;22;UNIX01;ERT: 00:00:22;1
60;JOB.UNIX_35#DEMO;JOBS;2;21;1;ETL Process DataMerge20;10;UNIX01;ERT: 00:00:10;0
61;JOBF.WEBAPP1;JOBF;3;21;1;Transfer merged data to webApp1;79;UNIX01=>WIN01;ERT: 00:01:19;4
62;JOBF.WEBAPP2;JOBF;4;21;1;Transfer merged data to webApp2;77;UNIX01=>WIN02;ERT: 00:01:17;3
63;END;<END>;1;22;1;;;;;
