pagename;lnr;prelnr
MASTERWORKFLOW#JOBP;2;1
MASTERWORKFLOW#JOBP;3;2
MASTERWORKFLOW#JOBP;4;3
MASTERWORKFLOW#JOBP;5;3
MASTERWORKFLOW#JOBP;6;4
MASTERWORKFLOW#JOBP;6;5
IMPORT#JOBP;34;1
IMPORT#JOBP;35;24
IMPORT#JOBP;35;25
IMPORT#JOBP;35;26
IMPORT#JOBP;35;29
IMPORT#JOBP;35;30
IMPORT#JOBP;35;31
IMPORT#JOBP;35;28
IMPORT#JOBP;35;14
IMPORT#JOBP;35;17
IMPORT#JOBP;35;22
IMPORT#JOBP;35;27
IMPORT#JOBP;35;16
IMPORT#JOBP;35;19
IMPORT#JOBP;35;13
IMPORT#JOBP;35;7
IMPORT#JOBP;35;6
IMPORT#JOBP;35;4
IMPORT#JOBP;35;5
IMPORT#JOBP;36;34
IMPORT#JOBP;37;36
IMPORT#JOBP;37;11
IMPORT#JOBP;37;3
IMPORT#JOBP;37;9
IMPORT#JOBP;38;36
IMPORT#JOBP;38;2
IMPORT#JOBP;38;3
IMPORT#JOBP;38;8
IMPORT#JOBP;38;9
IMPORT#JOBP;38;11
IMPORT#JOBP;38;12
IMPORT#JOBP;38;15
IMPORT#JOBP;39;36
IMPORT#JOBP;39;11
IMPORT#JOBP;39;15
IMPORT#JOBP;39;3
IMPORT#JOBP;39;9
IMPORT#JOBP;39;8
IMPORT#JOBP;40;36
IMPORT#JOBP;40;11
IMPORT#JOBP;40;32
IMPORT#JOBP;40;15
IMPORT#JOBP;40;3
IMPORT#JOBP;40;9
IMPORT#JOBP;40;8
IMPORT#JOBP;41;36
IMPORT#JOBP;41;2
IMPORT#JOBP;41;3
IMPORT#JOBP;41;8
IMPORT#JOBP;41;9
IMPORT#JOBP;41;11
IMPORT#JOBP;41;15
IMPORT#JOBP;41;20
IMPORT#JOBP;41;32
IMPORT#JOBP;41;33
IMPORT#JOBP;42;36
IMPORT#JOBP;42;2
IMPORT#JOBP;42;3
IMPORT#JOBP;42;8
IMPORT#JOBP;42;9
IMPORT#JOBP;42;11
IMPORT#JOBP;42;15
IMPORT#JOBP;42;32
IMPORT#JOBP;43;38
IMPORT#JOBP;43;40
IMPORT#JOBP;43;41
IMPORT#JOBP;43;39
IMPORT#JOBP;43;37
IMPORT#JOBP;43;42
IMPORT#JOBP;44;43
IMPORT#JOBP;44;23
IMPORT#JOBP;45;43
IMPORT#JOBP;45;10
IMPORT#JOBP;45;23
IMPORT#JOBP;46;43
IMPORT#JOBP;46;10
IMPORT#JOBP;47;46
IMPORT#JOBP;47;44
IMPORT#JOBP;47;45
IMPORT#JOBP;48;47
IMPORT#JOBP;49;47
IMPORT#JOBP;50;47
IMPORT#JOBP;50;18
IMPORT#JOBP;51;47
IMPORT#JOBP;52;48
IMPORT#JOBP;52;49
IMPORT#JOBP;52;50
IMPORT#JOBP;52;51
IMPORT#JOBP;53;52
IMPORT#JOBP;54;52
IMPORT#JOBP;55;52
IMPORT#JOBP;55;21
IMPORT#JOBP;56;52
IMPORT#JOBP;57;52
IMPORT#JOBP;58;52
IMPORT#JOBP;59;52
IMPORT#JOBP;60;53
IMPORT#JOBP;60;54
IMPORT#JOBP;60;55
IMPORT#JOBP;60;56
IMPORT#JOBP;60;59
IMPORT#JOBP;60;58
IMPORT#JOBP;60;57
IMPORT#JOBP;61;60
IMPORT#JOBP;62;61
IMPORT#JOBP;62;35
REPORT#JOBP;2;1
REPORT#JOBP;3;2
REPORT#JOBP;4;3
REPORT#JOBP;5;3
REPORT#JOBP;6;3
REPORT#JOBP;7;4
REPORT#JOBP;7;5
REPORT#JOBP;7;6
REPORT#JOBP;8;7
REPORT#JOBP;9;8
REPORT#JOBP;10;8
REPORT#JOBP;11;8
REPORT#JOBP;12;10
REPORT#JOBP;13;11
REPORT#JOBP;14;9
REPORT#JOBP;14;13
REPORT#JOBP;14;12
ANALYSIS#JOBP;2;1
ANALYSIS#JOBP;3;2
ANALYSIS#JOBP;4;3
ANALYSIS#JOBP;5;4
ANALYSIS#JOBP;6;5
ANALYSIS#JOBP;7;6
ANALYSIS#JOBP;8;7
ANALYSIS#JOBP;9;8
ANALYSIS#JOBP;10;9
FORWARD#JOBP;2;1
FORWARD#JOBP;3;2
FORWARD#JOBP;4;3
FORWARD#JOBP;5;4
FORWARD#JOBP;6;5
FEEDBACK#JOBP;2;1
FEEDBACK#JOBP;3;2
FEEDBACK#JOBP;4;3
FEEDBACK#JOBP;5;4
FEEDBACK#JOBP;6;5
