pagename;lnr;y;x;active;runid;name;type;description;heatdata;ah_runtime;agent;heat;link
MASTERWORKFLOW#JOBP;1;1;1;1;0;START;<START>;;::;;n/a;100;
MASTERWORKFLOW#JOBP;2;1;2;1;91163814;SCRI.02_100#SC;SCRI;Anonymized Title 1;00:00:02;2;n/a;0;
MASTERWORKFLOW#JOBP;3;1;3;1;91166199;IMPORT#JOBP;JOBP;Anonymized Title 2;07:30:28;27028;n/a;100;IMPORT#JOBP
MASTERWORKFLOW#JOBP;4;1;4;1;91164464;REPORT#JOBP;JOBP;Anonymized Title 3;00:02:06;126;n/a;0;REPORT#JOBP
MASTERWORKFLOW#JOBP;5;2;4;1;91166202;ANALYSIS#JOBP;JOBP;Anonymized Title 4;01:11:00;4260;n/a;100;ANALYSIS#JOBP
MASTERWORKFLOW#JOBP;6;1;5;1;0;END;<END>;;::;;n/a;100;
IMPORT#JOBP;1;1;1;1;0;START;<START>;;::;;n/a;100;
IMPORT#JOBP;2;2;1;0;;DAT_1988D#JOB;<XTRNL>;Anonymized Title 5;00:23:31;1411;n/a;50;
IMPORT#JOBP;3;3;1;0;;DAT_0115D#JOB;<XTRNL>;Anonymized Title 6;00:05:08;308;n/a;25;
IMPORT#JOBP;4;3;2;0;;DAT_0116D#JOB;<XTRNL>;Anonymized Title 7;00:05:25;325;n/a;25;
IMPORT#JOBP;5;3;3;0;;DAT_0117D#JOB;<XTRNL>;Anonymized Title 8;00:05:17;317;n/a;25;
IMPORT#JOBP;6;4;1;0;;DAT_0118D#JOB;<XTRNL>;Anonymized Title 9;00:05:15;315;n/a;25;
IMPORT#JOBP;7;4;2;0;;DAT_0119D#JOB;<XTRNL>;Anonymized Title 10;00:05:15;315;n/a;25;
IMPORT#JOBP;8;4;3;0;;DAT_0120D#JOB;<XTRNL>;Anonymized Title 11;00:05:12;312;n/a;25;
IMPORT#JOBP;9;5;1;0;;DAT_0143D#JOB;<XTRNL>;Anonymized Title 12;00:05:33;333;n/a;25;
IMPORT#JOBP;10;5;2;0;;DAT_0149D#JOB;<XTRNL>;Anonymized Title 13;00:12:12;732;n/a;25;
IMPORT#JOBP;11;6;1;0;;DAT_1201D#JOB;<XTRNL>;Anonymized Title 14;00:02:06;126;n/a;0;
IMPORT#JOBP;12;6;2;0;;DAT_1202D#JOB;<XTRNL>;Anonymized Title 15;00:02:53;173;n/a;0;
IMPORT#JOBP;13;6;3;0;;DAT_1203D#JOB;<XTRNL>;Anonymized Title 16;00:00:55;55;n/a;0;
IMPORT#JOBP;14;7;1;0;;DAT_1204D#JOB;<XTRNL>;Anonymized Title 17;00:00:27;27;n/a;0;
IMPORT#JOBP;15;7;2;0;;DAT_1205D#JOB;<XTRNL>;Anonymized Title 18;00:01:19;79;n/a;0;
IMPORT#JOBP;16;7;3;0;;DAT_1206D#JOB;<XTRNL>;Anonymized Title 19;00:01:47;107;n/a;0;
IMPORT#JOBP;17;8;1;0;;DAT_2101D#JOB;<XTRNL>;;::;;n/a;100;
IMPORT#JOBP;18;8;2;0;;DAT_2102D#JOB;<XTRNL>;;::;;n/a;100;
IMPORT#JOBP;19;8;3;0;;DAT_2103D#JOB;<XTRNL>;;::;;n/a;100;
IMPORT#JOBP;20;8;4;0;;DAT_2104D#JOB;<XTRNL>;;::;;n/a;100;
IMPORT#JOBP;21;8;5;0;;DAT_2105D#JOB;<XTRNL>;;::;;n/a;100;
IMPORT#JOBP;22;9;1;0;;DAT_2106D#JOB;<XTRNL>;;::;;n/a;100;
IMPORT#JOBP;23;9;2;0;;DAT_2110D#JOB;<XTRNL>;;::;;n/a;100;
IMPORT#JOBP;24;9;3;0;;DAT_2111D#JOB;<XTRNL>;;::;;n/a;100;
IMPORT#JOBP;25;9;4;0;;DAT_2112D#JOB;<XTRNL>;;::;;n/a;100;
IMPORT#JOBP;26;9;5;0;;DAT_2113D#JOB;<XTRNL>;;::;;n/a;100;
IMPORT#JOBP;27;10;1;0;;DAT_2114D#JOB;<XTRNL>;;::;;n/a;100;
IMPORT#JOBP;28;10;2;0;;DAT_2115D#JOB;<XTRNL>;;::;;n/a;100;
IMPORT#JOBP;29;10;3;0;;DAT_2116D#JOB;<XTRNL>;;::;;n/a;100;
IMPORT#JOBP;30;10;4;0;;DAT_2117D#JOB;<XTRNL>;;::;;n/a;100;
IMPORT#JOBP;31;10;5;0;;DAT_2118D#JOB;<XTRNL>;;::;;n/a;100;
IMPORT#JOBP;32;11;1;0;;DAT_2401D#JOB;<XTRNL>;;::;;n/a;100;
IMPORT#JOBP;33;12;1;0;;DAT_0101D#JOBP;<XTRNL>;Anonymized Title 20;15:04:41;54281;n/a;100;
IMPORT#JOBP;34;1;2;1;91163831;SCRI.02_100#SC;SCRI;Anonymized Title 21;00:00:10;10;n/a;0;
IMPORT#JOBP;35;13;12;0;0;USELESSDEPENDENCYCATCHER;JOBS;;::;;;100;
IMPORT#JOBP;36;1;6;1;91167069;JOB.01_500A#WIN;JOBS;Anonymized Title 22;00:00:00;0;WIN01;0;
IMPORT#JOBP;37;1;7;1;91167070;JOB.01_501A#WIN;JOBS;Anonymized Title 23;00:01:07;67;WIN01;0;
IMPORT#JOBP;38;2;7;1;91167071;JOB.01_502A#WIN;JOBS;Anonymized Title 24;00:11:42;702;WIN01;25;
IMPORT#JOBP;39;3;7;1;91167072;JOB.01_503A#WIN;JOBS;Anonymized Title 25;00:02:15;135;WIN01;0;
IMPORT#JOBP;40;4;7;1;91163837;JOB.01_504A#WIN;JOBS;Anonymized Title 26;00:03:33;213;WIN01;0;
IMPORT#JOBP;41;5;7;1;91165437;JOB.01_505A#WIN;JOBS;Anonymized Title 27;00:12:55;775;WIN01;25;
IMPORT#JOBP;42;6;7;1;91164475;JOB.01_506A#WIN;JOBS;Anonymized Title 28;00:11:47;707;WIN01;25;
IMPORT#JOBP;43;1;8;1;91167073;JOB.01_507A#WIN;JOBS;Anonymized Title 29;00:00:21;21;WIN01;0;
IMPORT#JOBP;44;1;9;1;91164476;JOB.01_518A#WIN;JOBS;Anonymized Title 30;00:00:15;15;WIN01;0;
IMPORT#JOBP;45;2;9;1;91163840;JOB.01_519A#WIN;JOBS;Anonymized Title 31;00:00:59;59;WIN01;0;
IMPORT#JOBP;46;3;9;1;91166215;JOB.01_508A#WIN;JOBS;Anonymized Title 32;00:10:16;616;WIN01;25;
IMPORT#JOBP;47;1;10;1;91166216;JOB.01_525A#WIN;JOBS;Anonymized Title 33;00:00:03;3;WIN01;0;
IMPORT#JOBP;48;1;11;1;91165440;JOB.01_509A#WIN;JOBS;Anonymized Title 34;00:10:15;615;WIN01;25;
IMPORT#JOBP;49;2;11;1;91164477;JOB.01_510A#WIN;JOBS;Anonymized Title 35;00:10:16;616;WIN01;25;
IMPORT#JOBP;50;3;11;1;91164478;JOB.01_511A#WIN;JOBS;Anonymized Title 36;00:18:28;1108;WIN01;50;
IMPORT#JOBP;51;4;11;1;91164479;JOB.01_520A#WIN;JOBS;Anonymized Title 37;00:00:51;51;WIN01;0;
IMPORT#JOBP;52;1;12;1;91164480;JOB.01_512A#WIN;JOBS;Anonymized Title 38;00:00:05;5;WIN01;0;
IMPORT#JOBP;53;1;13;1;91164481;JOB.01_513A#WIN;JOBS;Anonymized Title 39;00:10:22;622;WIN01;25;
IMPORT#JOBP;54;2;13;1;91164482;JOB.01_514A#WIN;JOBS;Anonymized Title 40;00:08:12;492;WIN01;25;
IMPORT#JOBP;55;3;13;1;91161918;JOB.01_515A#WIN;JOBS;Anonymized Title 41;00:09:20;560;WIN01;25;
IMPORT#JOBP;56;4;13;1;91166217;JOB.01_516A#WIN;JOBS;Anonymized Title 42;00:15:34;934;WIN01;50;
IMPORT#JOBP;57;5;13;1;91161919;JOB.01_521A#WIN;JOBS;Anonymized Title 43;02:01:06;7266;WIN01;100;
IMPORT#JOBP;58;6;13;1;91161920;JOB.01_522A#WIN;JOBS;Anonymized Title 44;00:12:02;722;WIN01;25;
IMPORT#JOBP;59;7;13;1;91161921;JOB.01_523A#WIN;JOBS;Anonymized Title 45;00:12:05;725;WIN01;25;
IMPORT#JOBP;60;1;14;1;91161922;JOB.01_517A#WIN;JOBS;Anonymized Title 46;00:41:58;2518;WIN01;75;
IMPORT#JOBP;61;1;15;1;91161923;JOB.01_524A#WIN;JOBS;Anonymized Title 47;00:00:27;27;WIN01;0;
IMPORT#JOBP;62;1;16;1;0;END;<END>;;::;;n/a;100;
REPORT#JOBP;1;1;1;1;0;START;<START>;;::;;n/a;100;
REPORT#JOBP;2;1;2;1;91181829;SCRI.02_100#SC;SCRI;Anonymized Title 48;00:00:01;1;n/a;0;
REPORT#JOBP;3;1;3;1;91185281;JOB.02_500A#WIN;JOBS;Anonymized Title 49;00:00:35;35;WIN01;0;
REPORT#JOBP;4;1;4;1;91185282;JOB.02_501A#WIN;JOBS;Anonymized Title 50;00:00:09;9;WIN01;0;
REPORT#JOBP;5;2;4;1;0;JOB.02_502A#WIN;JOBS;;::;;;100;
REPORT#JOBP;6;3;4;1;0;JOB.02_503A#WIN;JOBS;;::;;;100;
REPORT#JOBP;7;1;5;1;91185283;JOB.02_504A#WIN;JOBS;Anonymized Title 51;00:00:02;2;WIN01;0;
REPORT#JOBP;8;1;6;1;91185284;JOB.02_505A#WIN;JOBS;Anonymized Title 52;00:00:07;7;WIN01;0;
REPORT#JOBP;9;1;7;1;91185285;JOB.02_506A#WIN;JOBS;Anonymized Title 53;00:00:03;3;WIN01;0;
REPORT#JOBP;10;2;7;1;91185286;JOBF.02_508A#FT;JOBF;Anonymized Title 54;00:00:01;1;WIN01=>UNX01;0;
REPORT#JOBP;11;3;7;0;91181830;JOBF.02_509A#FT;JOBF;Anonymized Title 55;00:00:00;0;<WIN>=><WIN>;0;
REPORT#JOBP;12;2;8;1;91185287;JOB.02_510A#OS390;JOBS;Anonymized Title 56;00:01:03;63;UNX01;0;
REPORT#JOBP;13;3;8;0;91185288;JOB.02_500A#FT;JOBS;Anonymized Title 57;00:00:00;0;<CIT>;0;
REPORT#JOBP;14;1;9;1;0;END;<END>;;::;;n/a;100;
ANALYSIS#JOBP;1;1;1;1;0;START;<START>;;::;;n/a;100;
ANALYSIS#JOBP;2;1;2;1;91184462;SCRI.02_100#SC;SCRI;Anonymized Title 58;00:00:01;1;n/a;0;
ANALYSIS#JOBP;3;1;3;1;91184463;JOB.03_000A#WIN;JOBS;Anonymized Title 59;00:00:12;12;WIN01;0;
ANALYSIS#JOBP;4;1;4;1;91184464;JOB.03_001A#WIN;JOBS;Anonymized Title 60;00:00:00;0;WIN01;0;
ANALYSIS#JOBP;5;1;5;1;91176905;JOB.03_002A#WIN;JOBS;Anonymized Title 61;00:00:03;3;WIN01;0;
ANALYSIS#JOBP;6;1;6;1;91184465;JOB.03_003A#WIN;JOBS;Anonymized Title 62;00:00:00;0;WIN01;0;
ANALYSIS#JOBP;7;1;7;1;91184466;JOB.03_004A#WIN;JOBS;Anonymized Title 63;00:01:25;85;WIN01;0;
ANALYSIS#JOBP;8;1;8;1;91183387;JOB.03_005A#WIN;JOBS;Anonymized Title 64;00:00:00;0;WIN01;0;
ANALYSIS#JOBP;9;1;9;1;91183388;FORWARD#JOBP;JOBP;Anonymized Title 65;01:09:11;4151;n/a;100;FORWARD#JOBP
ANALYSIS#JOBP;10;1;10;1;0;END;<END>;;::;;n/a;100;
FORWARD#JOBP;1;1;1;1;0;START;<START>;;::;;n/a;100;
FORWARD#JOBP;2;1;2;1;91181858;SCRI.02_100#SC;SCRI;Anonymized Title 66;00:00:01;1;n/a;0;
FORWARD#JOBP;3;1;3;1;91176933;JOB.03_101A#FT;JOBF;Anonymized Title 67;00:00:02;2;WIN01=>WIN02;0;
FORWARD#JOBP;4;1;4;1;91176934;JOB.03_102A#RF;JOBS;Anonymized Title 68;00:00:06;6;WIN03;0;
FORWARD#JOBP;5;1;5;1;91176935;FEEDBACK#JOBP;JOBP;Anonymized Title 69;00:53:56;3236;n/a;75;FEEDBACK#JOBP
FORWARD#JOBP;6;1;6;1;0;END;<END>;;::;;n/a;100;
FEEDBACK#JOBP;1;1;1;1;0;START;<START>;;::;;n/a;100;
FEEDBACK#JOBP;2;1;2;1;91181912;SCRI.02_100#SC;SCRI;Anonymized Title 70;00:00:01;1;n/a;0;
FEEDBACK#JOBP;3;1;3;1;91188181;JOBF.03_201A#FT;JOBS;Anonymized Title 71;00:00:06;6;WIN03;0;
FEEDBACK#JOBP;4;1;4;1;91186279;JOBF.03_202A#FT;JOBF;Anonymized Title 72;00:00:22;22;WIN02=>WIN01;0;
FEEDBACK#JOBP;5;1;5;1;91186280;JOB.03_203A#WIN;JOBS;Anonymized Title 73;00:00:00;0;<WIN>;0;
FEEDBACK#JOBP;6;1;6;1;0;END;<END>;;::;;n/a;100;
